Rank,Film,Country_of_Origin,Weekend_gross,Distributor,Change_on_last_week,Weeks_on_release,Number_of_cinemas,Site_avg,Total_gross_to_date,Date
1,Spider-Man: No Way Home,USA,5372898,Sony Pictures,-26%,4,680,7900.8,95185417.2,2022-01-07
2,The King's Man,UK/USA,1086110.4,Disney,-74%,2,636,1707.6,6456494.4,2022-01-07
3,Licorice Pizza,USA/Can,1055247.6,Universal,-,1,202,5223.6,1055247.6,2022-01-07
4,Clifford The Big Red Dog,UK/USA,747688.8,eOne Films,-20%,5,631,1184.4,8840632.8,2022-01-07
5,The Matrix: Resurrections,USA,616168.8,Warner Bros,-32%,3,600,1027.2,7739774.4,2022-01-07
6,West Side Story,USA,486607.2,Disney,2%,5,562,866.4,7130377.2,2022-01-07
7,The 355,UK/USA,440577.6,Universal,-,1,490,898.8,440577.6,2022-01-07
8,House Of Gucci,UK/USA,257691.6,Universal,54%,7,289,891.6,10947202.8,2022-01-07
9,Encanto,USA,256219.2,Disney,-12%,7,475,540,7920175.2,2022-01-07
10,Ghostbusters: Afterlife,USA/Can,140877.6,Sony Pictures,-8%,8,254,554.4,13547769.6,2022-01-07
11,Boiling Point,UK,94940.4,Vertigo,-,1,53,1791.6,94940.4,2022-01-07
12,The Electrical Life Of Louis Wain,UK/USA,80257.2,StudioCanal,-22%,2,264,303.6,309416.4,2022-01-07
13,83,UK/Ind,41086.8,Reliance Big Pictures ,-60%,3,52,789.6,631585.2,2022-01-07
14,Titane,Fra/Bel,35122.8,Altitude,-76%,2,77,456,235405.2,2022-01-07
15,No Time To Die,UK/USA,32133.6,Universal,81%,15,101,318,115913176.8,2022-01-07
1,Spider-Man: No Way Home,USA,3858199.2,Sony Pictures,-28%,5,679,5682,100953321.6,2022-01-14
2,Scream,USA,2962212,Paramount,-,1,622,4762.8,2962212,2022-01-14
3,The King's Man,UK/USA,752934,Disney,-31%,3,577,1304.4,7751378.4,2022-01-14
4,Clifford The Big Red Dog,UK/USA,630128.4,eOne Films,-16%,6,620,1016.4,9573501.6,2022-01-14
5,Licorice Pizza,USA/Can,472785.6,Universal,-55%,2,369,1281.6,1833356.4,2022-01-14
6,West Side Story,USA,420018,Disney,-15%,6,490,856.8,7921442.4,2022-01-14
7,The Matrix: Resurrections,USA,359018.4,Warner Bros,-42%,4,477,752.4,8394926.4,2022-01-14
8,Encanto,USA,265962,Disney,3%,8,476,559.2,8208992.4,2022-01-14
9,House Of Gucci,UK/USA,208424.4,Universal,-21%,8,227,918,11319342,2022-01-14
10,The 355,UK/USA,193779.6,Universal,-56%,2,430,451.2,856518,2022-01-14
11,Ghostbusters: Afterlife,USA/Can,108721.2,Sony Pictures,-23%,9,235,463.2,13697895.6,2022-01-14
12,Boiling Point,UK,88266,Vertigo,-8%,2,74,1192.8,238023.6,2022-01-14
13,The Boss Baby 2,USA,55192.8,Universal,279%,13,353,156,8734711.2,2022-01-14
14,Memoria,Col/Tha/UK/Mex/Fra/Deu/Qat/Chi/Che,48138,Sovereign Film Distribution,-,1,56,859.2,48138,2022-01-14
15,The Electrical Life Of Louis Wain,UK/USA,38228.4,StudioCanal,-53%,3,164,232.8,425884.8,2022-01-14
1,Spider-Man: No Way Home,USA,2802585.6,Sony Pictures,-27%,6,655,4279.2,104964366,2022-01-21
2,Belfast,UK,2787086.4,Universal,-,1,704,3958.8,2787086.4,2022-01-21
3,Scream,USA,1502174.4,Paramount,-49%,2,606,2479.2,5703896.4,2022-01-21
4,Nightmare Alley,USA/Mex,661041.6,Disney,-,1,568,1164,661041.6,2022-01-21
5,Clifford The Big Red Dog,UK/USA,552741.6,eOne Films,-12%,7,597,926.4,10198287.6,2022-01-21
6,The King's Man,UK/USA,467409.6,Disney,-38%,4,438,1066.8,8578767.6,2022-01-21
7,Encanto,USA,268406.4,Disney,1%,9,459,584.4,8498348.4,2022-01-21
8,Licorice Pizza,USA/Can,238772.4,Universal,-49%,3,444,537.6,2351439.6,2022-01-21
9,West Side Story,USA,237758.4,Disney,-45%,7,370,642,8475366,2022-01-21
10,The Matrix: Resurrections,UK/USA,192175.2,Warner Bros,-46%,5,304,632.4,8774162.4,2022-01-21
11,House Of Gucci,UK/USA,122416.8,Universal,-42%,9,153,800.4,11578807.2,2022-01-21
12,Ghostbusters: Afterlife,USA/Can,71036.4,Sony Pictures,-35%,10,214,332.4,13793121.6,2022-01-21
13,The 355,UK/USA,69764.4,Universal,-64%,3,196,356.4,1025422.8,2022-01-21
14,A Journal For Jordan,USA/Can,60613.2,Sony Pictures,-,1,194,312,60613.2,2022-01-21
15,Jewels - Bolshoi Ballet 2022 (Ballet),Rus,57834,Trafalgar,-,1,137,422.4,57834,2022-01-21
1,Sing 2,USA,8241039.6,Universal,-,1,632,13039.2,8241039.6,2022-01-28
2,Belfast,UK,2275560,Universal,-19%,2,752,3026.4,7291476,2022-01-28
3,Spider-Man: No Way Home,USA,2134267.2,Sony Pictures,-24%,7,644,3314.4,108044691.6,2022-01-28
4,Scream,USA,945747.6,Paramount,-37%,3,545,1735.2,7381012.8,2022-01-28
5,Nightmare Alley,USA/Mex,396996,Disney,-40%,2,542,732,1473574.8,2022-01-28
6,Parallel Mothers,Esp/USA,362252.4,Warner Bros,-,1,184,1969.2,362252.4,2022-01-28
7,The King's Man,UK/USA,342571.2,Disney,-27%,5,362,946.8,9140292,2022-01-28
8,Clifford The Big Red Dog,UK/USA,242433.6,eOne Films,-56%,8,532,456,10506460.8,2022-01-28
9,West Side Story,USA,143787.6,Disney,-40%,8,268,536.4,8809455.6,2022-01-28
10,Encanto,USA,117688.8,Disney,-56%,10,451,260.4,8638930.8,2022-01-28
11,Hridayam,Ind,110792.4,RFT Films,-,2,83,1334.4,110792.4,2022-01-28
12,Licorice Pizza,USA/Can,104278.8,Universal,-57%,4,187,558,2605977.6,2022-01-28
13,Rigoletto - Met Opera 2022 (Opera),USA,104187.6,Trafalgar,-,1,135,771.6,104187.6,2022-01-28
14,Gierek,Pol,98030.4,Magnetes,-,1,161,608.4,98030.4,2022-01-28
15,The Matrix: Resurrections,UK/USA,90946.8,Warner Bros,-53%,6,190,478.8,8966966.4,2022-01-28
1,Sing 2,USA,6179574,Universal,-25%,2,640,9655.2,15566545.2,2022-02-04
2,Jackass Forever,USA,2509220.4,Paramount,-,1,537,4672.8,2509220.4,2022-02-04
3,Belfast,UK,1770474,Universal,-23%,3,752,2354.4,10748110.8,2022-02-04
4,Moonfall,USA/Can/UK/Chn,1395736.8,Entertainment,-,1,543,2570.4,1395736.8,2022-02-04
5,Spider-Man: No Way Home,USA,1386340.8,Sony Pictures,-35%,8,624,2221.2,110102186.4,2022-02-04
6,Scream,USA,471127.2,Paramount,-50%,4,464,1015.2,8309036.4,2022-02-04
7,Parallel Mothers,Esp/USA,223864.8,Warner Bros,-39%,2,182,1230,847002,2022-02-04
8,Clifford The Big Red Dog,UK/USA,183150,eOne Films,-25%,9,498,367.2,10716420,2022-02-04
9,BELLE,Jpn,182744.4,National Amusements UK,-,1,147,1243.2,182744.4,2022-02-04
10,Nightmare Alley,USA/Mex,179827.2,Disney,-55%,3,312,576,1908147.6,2022-02-04
11,The King's Man,UK/USA,160207.2,Disney,-53%,6,239,670.8,9459148.8,2022-02-04
12,The Souvenir Part II,UK,111652.8,Picture House Entertainment,-,1,94,1188,111652.8,2022-02-04
13,West Side Story,USA,82918.8,Disney,-43%,9,181,458.4,9040176,2022-02-04
14,Encanto,USA,76977.6,Disney,-36%,11,290,265.2,8721844.8,2022-02-04
15,Licorice Pizza,USA/Can,59346,Universal,-43%,5,99,600,2753473.2,2022-02-04
1,Uncharted,USA/Esp,5647137.6,Sony Pictures,-,1,579,9753.6,5647137.6,2022-02-11
2,Sing 2,USA,3844740,Universal,-38%,3,679,5662.8,20159034,2022-02-11
3,Death On The Nile,UK/USA,2278028.4,Disney,-,1,710,3208.8,2278028.4,2022-02-11
4,Belfast,UK,1260759.6,Universal,-29%,4,657,1918.8,13529395.2,2022-02-11
5,Jackass Forever,USA,1196636.4,Paramount,-52%,2,533,2245.2,4893103.2,2022-02-11
6,Marry Me,USA,840615.6,Universal,-,1,505,1664.4,840615.6,2022-02-11
7,Spider-Man: No Way Home,USA,803158.8,Sony Pictures,-42%,9,535,1501.2,111324986.4,2022-02-11
8,Moonfall,USA/Can/UK/Chn,251822.4,Entertainment,-82%,2,469,536.4,2129511.6,2022-02-11
9,Scream,USA,156261.6,Paramount,-67%,5,259,603.6,8698305.6,2022-02-11
10,Parallel Mothers,Esp/USA,130917.6,Warner Bros,-42%,3,99,1322.4,1143004.8,2022-02-11
11,Clifford The Big Red Dog,UK/USA,117775.2,eOne Films,-36%,10,409,288,10848596.4,2022-02-11
12,Encanto,USA,109519.2,Disney,42%,12,415,264,8835631.2,2022-02-11
13,The Beatles: Get Back - The Rooftop Concert,UK/Nzl/USA,95984.4,Disney,-,1,31,3096,95984.4,2022-02-11
14,"Love, Sex And Pandemic",Pol,75105.6,Kinostar,-,1,166,452.4,75105.6,2022-02-11
15,Flee,Dnk/Fra/Swe/Nor,68869.2,Curzon,-,1,43,1602,68869.2,2022-02-11
1,Uncharted,USA/Esp,4530432,Sony Pictures,-20%,2,630,7191.6,14596533.6,2022-02-18
2,Sing 2,USA,3786830.4,Universal,-2%,4,721,5252.4,27978914.4,2022-02-18
3,Death On The Nile,UK/USA,1619274,Disney,-29%,2,730,2217.6,5685742.8,2022-02-18
4,Dog,USA,986547.6,Entertainment,-,1,478,2064,986547.6,2022-02-18
5,Belfast,UK,907657.2,Universal,-28%,5,645,1407.6,15586652.4,2022-02-18
6,Spider-Man: No Way Home,USA,767535.6,Sony Pictures,-5%,10,506,1516.8,112822736.4,2022-02-18
7,Jackass Forever,USA,702514.8,Paramount,-41%,3,478,1470,6307306.8,2022-02-18
8,Marry Me,USA,403731.6,Universal,-52%,2,476,848.4,2055882,2022-02-18
9,Clifford The Big Red Dog,UK/USA,192424.8,eOne Films,63%,11,415,463.2,11241828,2022-02-18
10,Encanto,USA,99646.8,Disney,-9%,13,341,292.8,9067272,2022-02-18
11,Scream,USA,92882.4,Paramount,-41%,6,202,459.6,8925975.6,2022-02-18
12,Moonfall,USA/Can/UK/Chn,91200,Entertainment,-64%,3,219,416.4,2434755.6,2022-02-18
13,The Beatles: Get Back - The Rooftop Concert,UK/Nzl/USA,90812.4,Disney,-5%,2,337,270,190825.2,2022-02-18
14,Parallel Mothers,Esp/USA,85960.8,Warner Bros,-34%,4,84,1023.6,1330952.4,2022-02-18
15,Aaraattu,Ind,78109.2,RFT Films,-,1,105,744,78109.2,2022-02-18
1,Uncharted,USA/Esp,3700922.4,Sony Pictures,-18%,3,631,5865.6,21717337.2,2022-02-25
2,Sing 2,USA,3207105.6,Universal,-15%,5,709,4524,34849051.2,2022-02-25
3,The Duke,UK,1191190.8,Warner Bros,-,1,651,1830,1191190.8,2022-02-25
4,Death On The Nile,UK/USA,917325.6,Disney,-43%,3,661,1387.2,7746259.2,2022-02-25
5,Dog,USA,781023.6,Entertainment,-21%,2,479,1630.8,2537982,2022-02-25
6,Spider-Man: No Way Home,USA,695072.4,Sony Pictures,-10%,11,462,1504.8,114458245.2,2022-02-25
7,Cyrano,UK/USA/Can,478380,Universal,-,1,613,780,478380,2022-02-25
8,Belfast,UK,439274.4,Universal,-52%,6,516,850.8,16802934,2022-02-25
9,Jackass Forever,USA,358496.4,Paramount,-49%,4,374,958.8,7043374.8,2022-02-25
10,The Godfather: 50th Anniversary,USA,320515.2,Paramount,-,1,466,687.6,320515.2,2022-02-25
11,Gangubai Kathiawadi,Ind,292617.6,Paramount,-,1,150,1951.2,292617.6,2022-02-25
12,Clifford The Big Red Dog,UK/USA,215973.6,eOne Films,12%,12,457,472.8,11711906.4,2022-02-25
13,Bheemla Nayak,Ind,176005.2,Dreamz Entertainment,-,1,35,5029.2,176005.2,2022-02-25
14,Studio 666,USA,162462,Sony Pictures,-,1,245,663.6,162462,2022-02-25
15,Marry Me,USA,162458.4,Universal,-60%,3,266,610.8,2538609.6,2022-02-25
1,The Batman,UK/USA,16238226,Warner Bros,-,1,706,23000.4,16238226,2022-03-04
2,Uncharted,USA/Esp,1602810,Sony Pictures,-57%,4,590,2716.8,24345523.2,2022-03-04
3,Sing 2,USA,1243460.4,Universal,-61%,6,660,1884,36415797.6,2022-03-04
4,The Duke,UK,818515.2,Warner Bros,-31%,2,651,1257.6,3288279.6,2022-03-04
5,Death On The Nile,UK/USA,340260,Disney,-63%,4,451,754.8,8580835.2,2022-03-04
6,Dog,USA,330249.6,Entertainment,-58%,3,412,801.6,3130202.4,2022-03-04
7,Spider-Man: No Way Home,USA,256248,Sony Pictures,-63%,12,353,726,114877166.4,2022-03-04
8,Belfast,UK,209330.4,Universal,-53%,7,364,574.8,17429845.2,2022-03-04
9,Ali & Ava,UK,127359.6,Altitude,-,1,132,964.8,127359.6,2022-03-04
10,Gangubai Kathiawadi,Ind,111154.8,Paramount,-62%,2,61,1822.8,557786.4,2022-03-04
11,Jackass Forever,USA,105086.4,Paramount,-71%,5,228,460.8,7335591.6,2022-03-04
12,Clifford The Big Red Dog,UK/USA,75220.8,eOne Films,-65%,13,400,188.4,11789632.8,2022-03-04
13,The Godfather: Part II (Re: 2022),USA,54181.2,Paramount,-,1,202,268.8,54181.2,2022-03-04
14,Cyrano,UK/USA/Can,48145.2,Universal,-90%,2,261,184.8,749734.8,2022-03-04
15,Parallel Mothers,Esp/USA,31972.8,Warner Bros,-27%,6,51,626.4,1522466.4,2022-03-04
1,The Batman,UK/USA,8887668,Warner Bros,-45%,2,715,12430.8,31850217.6,2022-03-11
2,Uncharted,USA/Esp,1271833.2,Sony Pictures,-21%,5,595,2137.2,26114780.4,2022-03-11
3,BTS Permission To Dance On Stage - Seoul: Live Viewing (Concert),Kor,1078952.4,Trafalgar,-,1,351,3074.4,1078952.4,2022-03-11
4,Sing 2,USA,982983.6,Universal,-21%,7,652,1507.2,37562359.2,2022-03-11
5,The Duke,UK,600898.8,Warner Bros,-27%,3,644,933.6,4639394.4,2022-03-11
6,Dog,USA,334863.6,Entertainment,1%,4,449,745.2,3595636.8,2022-03-11
7,Death On The Nile,UK/USA,277474.8,Disney,-19%,5,409,678,9078231.6,2022-03-11
8,Spider-Man: No Way Home,USA,244687.2,Sony Pictures,-5%,13,379,645.6,115193953.2,2022-03-11
9,Radhe Shyam,Ind,224046,Great India Films,-,1,124,1807.2,224046,2022-03-11
10,Belfast,UK,169536,Universal,-20%,8,434,391.2,17805678,2022-03-11
11,Clifford The Big Red Dog,UK/USA,93014.4,eOne Films,24%,14,423,219.6,11885504.4,2022-03-11
12,Red Rocket,USA,89650.8,Universal,-,1,168,534,89650.8,2022-03-11
13,Jackass Forever,USA,76830,Paramount,-27%,6,215,357.6,7466200.8,2022-03-11
14,Gangubai Kathiawadi,Ind,74602.8,Paramount,-33%,3,57,1309.2,699694.8,2022-03-11
15,The Kashmir Files,Ind,70362,Zee Studios,-,1,18,3909.6,70362,2022-03-11
1,The Batman,UK/USA,4021545.6,Warner Bros,-55%,3,703,5720.4,39120010.8,2022-03-18
2,Jujutsu Kaisen 0,Jpn,990634.8,Sony Pictures,-,1,332,2984.4,990634.8,2022-03-18
3,Uncharted,USA/Esp,726867.6,Sony Pictures,-43%,6,558,1303.2,27244897.2,2022-03-18
4,The Nan Movie,UK,678408,Warner Bros,-,1,514,1320,678408,2022-03-18
5,The Phantom Of The Open,UK,548194.8,eOne Films,-,1,626,876,548194.8,2022-03-18
6,Sing 2,USA,505981.2,Universal,-49%,8,623,812.4,38225596.8,2022-03-18
7,X,USA,273002.4,Entertainment,-,1,480,568.8,273002.4,2022-03-18
8,The Duke,UK,272223.6,Warner Bros,-55%,4,522,522,5455740,2022-03-18
9,The Kashmir Files,Ind,171578.4,Zee Studios,144%,2,52,3300,314066.4,2022-03-18
10,Dog,USA,145717.2,Entertainment,-57%,5,386,378,3873714,2022-03-18
11,Spider-Man: No Way Home,USA,116071.2,Sony Pictures,-53%,14,325,357.6,115555483.2,2022-03-18
12,Death On The Nile,UK/USA,103856.4,Disney,-63%,6,265,392.4,9357698.4,2022-03-18
13,Belfast,UK,76688.4,Universal,-56%,9,274,279.6,18139237.2,2022-03-18
14,Bachchan Pandey,Ind,73761.6,Cinestaan AA Distributors,-,1,90,819.6,73761.6,2022-03-18
15,"Paris, 13th District",Fra,66583.2,Curzon,-,1,41,1623.6,66583.2,2022-03-18
1,The Batman,UK/USA,1997403.6,Warner Bros,-50%,4,683,2924.4,42763695.6,2022-03-25
2,RRR,Ind,780244.8,Dreamz Entertainment,-,1,160,4876.8,780244.8,2022-03-25
3,Ambulance,USA,625258.8,Universal,-,1,595,1051.2,625258.8,2022-03-25
4,Uncharted,USA/Esp,419348.4,Sony Pictures,-42%,7,511,820.8,27893455.2,2022-03-25
5,The Nan Movie,UK,347677.2,Warner Bros,-49%,2,504,690,1379092.8,2022-03-25
6,The Phantom Of The Open,UK,262351.2,eOne Films,-52%,2,626,418.8,1278132,2022-03-25
7,The Worst Person In The World,Nor/Fra/Swe/Dnk,232191.6,MUBI,-,1,125,1857.6,232191.6,2022-03-25
8,Sing 2,USA,208947.6,Universal,-59%,9,567,368.4,38500123.2,2022-03-25
9,Jujutsu Kaisen 0,Jpn,187360.8,Sony Pictures,-81%,2,293,639.6,1446186,2022-03-25
10,The Duke,UK,102781.2,Warner Bros,-63%,5,381,270,5810665.2,2022-03-25
11,X,USA,94827.6,Entertainment,-65%,2,362,261.6,582960,2022-03-25
12,Don Carlos - Met Opera 2022 (Opera),USA,87132,Trafalgar,-,1,139,626.4,87132,2022-03-25
13,The Kashmir Files,Ind,69768,Zee Studios,-59%,3,78,894,447698.4,2022-03-25
14,Belfast,UK,64347.6,Universal,-17%,10,215,298.8,18298188,2022-03-25
15,Spider-Man: No Way Home,USA,53859.6,Sony Pictures,-54%,15,237,226.8,115637478,2022-03-25
1,Sonic The Hedgehog 2,USA/Jpn,5983600.8,Paramount,-,1,650,9205.2,5983600.8,2022-04-01
2,Morbius,UK/USA,3905796,Sony Pictures,-,1,638,6122.4,3905796,2022-04-01
3,The Bad Guys,USA,2734888.8,Universal,-,1,616,4440,2734888.8,2022-04-01
4,The Batman,UK/USA,1440463.2,Warner Bros,-28%,5,617,2335.2,45426393.6,2022-04-01
5,Ambulance,USA,327618,Universal,-48%,2,528,620.4,1421289.6,2022-04-01
6,Uncharted,USA/Esp,268200,Sony Pictures,-37%,8,392,684,28369771.2,2022-04-01
7,The Worst Person In The World,Nor/Fra/Swe/Dnk,184170,MUBI,-21%,2,125,1473.6,597738,2022-04-01
8,The Nan Movie,UK,164746.8,Warner Bros,-53%,3,310,531.6,1804508.4,2022-04-01
9,The Phantom Of The Open,UK,146509.2,eOne Films,-44%,3,348,421.2,1774750.8,2022-04-01
10,Sing 2,USA,117062.4,Universal,-44%,10,407,288,38695159.2,2022-04-01
11,RRR,Ind,98793.6,Dreamz Entertainment,-87%,2,85,1162.8,1074486,2022-04-01
12,Jujutsu Kaisen 0,Jpn,70689.6,Sony Pictures,-63%,3,147,481.2,1635842.4,2022-04-01
13,Belfast,UK,66327.6,Universal,0%,11,93,712.8,18483697.2,2022-04-01
14,True Things,UK,55423.2,Picture House Entertainment,-,1,67,826.8,55423.2,2022-04-01
15,The Duke,UK,53725.2,Warner Bros,-49%,6,143,375.6,6056485.2,2022-04-01
1,Fantastic Beasts: The Secrets Of Dumbledore,UK/USA,7061922,Warner Bros,-,1,711,9932.4,7061922,2022-04-08
2,Sonic The Hedgehog 2,USA/Jpn,3483640.8,Paramount,-42%,2,685,5085.6,12771699.6,2022-04-08
3,The Bad Guys,USA,1344127.2,Universal,-51%,2,635,2116.8,5821936.8,2022-04-08
4,Morbius,UK/USA,888403.2,Sony Pictures,-77%,2,616,1442.4,6101125.2,2022-04-08
5,The Batman,UK/USA,748639.2,Warner Bros,-48%,6,550,1360.8,47076490.8,2022-04-08
6,Uncharted,USA/Esp,130846.8,Sony Pictures,-52%,9,246,531.6,28731434.4,2022-04-08
7,The Outfit,UK/USA,115920,Universal,-,1,154,752.4,115920,2022-04-08
8,Ambulance,USA,106872,Universal,-67%,3,250,427.2,1748478,2022-04-08
9,The Worst Person In The World,Nor/Fra/Swe/Dnk,105668.4,MUBI,-43%,3,97,1089.6,849547.2,2022-04-08
10,Sing 2,USA,63512.4,Universal,-46%,11,252,252,38926507.2,2022-04-08
11,The Nan Movie,UK,53013.6,Warner Bros,-68%,4,129,410.4,1987956,2022-04-08
12,Compartment No.6,Fin/Est/Deu/Rus,51598.8,Curzon,-,1,30,1719.6,51598.8,2022-04-08
13,Rabbit Academy,Deu/Aut,44395.2,Signature Entertainment,-6%,2,326,135.6,155858.4,2022-04-08
14,The Duke,UK,38992.8,Warner Bros,-30%,7,93,418.8,6195746.4,2022-04-08
15,The Phantom Of The Open,UK,36926.4,eOne Films,-75%,4,136,271.2,2004993.6,2022-04-08
1,The Lost City,USA,3291853.2,Paramount,-,1,617,5335.2,3291853.2,2022-04-15
2,Fantastic Beasts: The Secrets Of Dumbledore,UK/USA,3172345.2,Warner Bros,-55%,2,727,4363.2,15190479.6,2022-04-15
3,Sonic The Hedgehog 2,USA/Jpn,2456289.6,Paramount,-30%,3,677,3627.6,19670179.2,2022-04-15
4,The Northman,UK/USA,1077284.4,Universal,-,1,528,2040,1077284.4,2022-04-15
5,Operation Mincemeat,UK/USA,1074009.6,Warner Bros,-,1,621,1729.2,1074009.6,2022-04-15
6,The Bad Guys,USA,968842.8,Universal,-28%,3,654,1482,9105334.8,2022-04-15
7,Beast (Tamil/Hindi),Ind,606777.6,Big Films,-,1,153,3966,606777.6,2022-04-15
8,K.G.F: Chapter 2,Ind,428445.6,DG Tech,-,1,89,4814.4,428445.6,2022-04-15
9,The Batman,UK/USA,383356.8,Warner Bros,-49%,7,373,1027.2,48105594,2022-04-15
10,Morbius,UK/USA,297152.4,Sony Pictures,-67%,3,418,710.4,7062309.6,2022-04-15
11,K.G.F: Chapter 2 (Hindi),Ind,278138.4,Cinestaan AA Distributors,-,1,71,3918,278138.4,2022-04-15
12,Benedetta,Fra/Nld/Bel,74467.2,MUBI,-,1,80,931.2,74467.2,2022-04-15
13,Uncharted,USA/Esp,55764,Sony Pictures,-57%,10,195,285.6,28910257.2,2022-04-15
14,Sing 2,USA,47122.8,Universal,-26%,12,231,204,39085294.8,2022-04-15
15,Rabbit Academy,Deu/Aut,42723.6,Signature Entertainment,-4%,3,322,133.2,291444,2022-04-15
1,Sonic The Hedgehog 2,USA/Jpn,1964931.6,Paramount,-20%,4,647,3037.2,24278162.4,2022-04-22
2,Fantastic Beasts: The Secrets Of Dumbledore,UK/USA,1914061.2,Warner Bros,-40%,3,706,2710.8,19766822.4,2022-04-22
3,The Lost City,USA,1646793.6,Paramount,-50%,2,637,2584.8,6760290,2022-04-22
4,Operation Mincemeat,UK/USA,910437.6,Warner Bros,-15%,2,680,1339.2,3174032.4,2022-04-22
5,The Bad Guys,USA,885613.2,Universal,-9%,4,632,1401.6,11234412,2022-04-22
6,The Northman,UK/USA,836200.8,Universal,-22%,2,602,1389.6,2831022,2022-04-22
7,The Unbearable Weight Of Massive Talent,USA,620036.4,Lionsgate,-,1,556,1114.8,620036.4,2022-04-22
8,The Batman,UK/USA,186553.2,Warner Bros,-51%,8,294,634.8,48583732.8,2022-04-22
9,Morbius,UK/USA,144151.2,Sony Pictures,-52%,4,336,429.6,7439420.4,2022-04-22
10,K.G.F: Chapter 2 (Hindi),Ind,82729.2,Cinestaan AA Distributors,-71%,2,54,1532.4,510843.6,2022-04-22
11,K.G.F: Chapter 2,Ind,60586.8,DG Tech,-85%,2,47,1288.8,626050.8,2022-04-22
12,Sing 2,USA,52682.4,Universal,11%,13,313,168,39200224.8,2022-04-22
13,The Worst Person In The World,Nor/Fra/Swe/Dnk,40555.2,MUBI,0%,5,60,675.6,1064910,2022-04-22
14,Firebird,UK/Est,34245.6,Jade Films,-,1,41,835.2,34245.6,2022-04-22
15,Happening,Fra,33242.4,Picture House Entertainment,-,1,37,898.8,33242.4,2022-04-22
1,Downton Abbey: A New Era,UK/USA,3687314.4,Universal,-,1,739,4989.6,3687314.4,2022-04-29
2,Sonic The Hedgehog 2,USA/Jpn,1618972.8,Paramount,-18%,5,631,2565.6,26231385.6,2022-04-29
3,The Lost City,USA,1445113.2,Paramount,-12%,3,610,2368.8,8887317.6,2022-04-29
4,Fantastic Beasts: The Secrets Of Dumbledore,UK/USA,1438104,Warner Bros,-25%,4,632,2275.2,21990464.4,2022-04-29
5,The Bad Guys,USA,867646.8,Universal,-2%,5,610,1422,12216656.4,2022-04-29
6,The Northman,UK/USA,709110,Universal,-15%,3,562,1261.2,4115205.6,2022-04-29
7,Operation Mincemeat,UK/USA,644542.8,Warner Bros,-29%,3,610,1057.2,4622191.2,2022-04-29
8,The Unbearable Weight Of Massive Talent,USA,360098.4,Lionsgate,-42%,2,508,709.2,1315561.2,2022-04-29
9,The Batman,UK/USA,125919.6,Warner Bros,-33%,9,173,728.4,48803738.4,2022-04-29
10,Acharya,Ind,111148.8,Dreamz Entertainment,-,1,65,1710,111148.8,2022-04-29
11,Morbius,UK/USA,92809.2,Sony Pictures,-36%,5,205,452.4,7616378.4,2022-04-29
12,Sing 2,USA,66775.2,Universal,26%,14,433,154.8,39272649.6,2022-04-29
13,Jana Gana Mana,Ind,64173.6,RFT Films,-,1,57,1125.6,64173.6,2022-04-29
14,Kaathu Vaakula Rendu Kadhal,Ind,52284,Hamsini Entertainment,-,1,18,2905.2,52284,2022-04-29
15,Runway 34,Ind,49491.6,Yash Raj,-,1,93,531.6,49491.6,2022-04-29
1,Doctor Strange In The Multiverse Of Madness,UK/USA,23718861.6,Disney,-,1,684,34676.4,23718861.6,2022-05-06
2,Downton Abbey: A New Era,UK/USA,1864203.6,Universal,-50%,2,752,2479.2,9206082,2022-05-06
3,Sonic The Hedgehog 2,USA/Jpn,756469.2,Paramount,-54%,6,606,1248,28225920,2022-05-06
4,The Lost City,USA,562082.4,Paramount,-61%,4,524,1072.8,10398979.2,2022-05-06
5,Fantastic Beasts: The Secrets Of Dumbledore,UK/USA,481738.8,Warner Bros,-67%,5,534,902.4,23475193.2,2022-05-06
6,The Bad Guys,USA,373750.8,Universal,-57%,6,573,652.8,13248801.6,2022-05-06
7,The Northman,UK/USA,251425.2,Universal,-65%,4,374,672,4863434.4,2022-05-06
8,Operation Mincemeat,UK/USA,212499.6,Warner Bros,-67%,4,391,543.6,5388358.8,2022-05-06
9,Turandot - Met Opera 2022 (Opera),USA,132243.6,Trafalgar,-,1,144,918,132243.6,2022-05-06
10,The Unbearable Weight Of Massive Talent,USA,73845.6,Lionsgate,-80%,3,194,380.4,1626465.6,2022-05-06
11,Maa,Ind,46233.6,Rising Star Entertainment,-,1,28,1651.2,46233.6,2022-05-06
12,Dum Mastam,Pak,32594.4,Hum Network TV,-,1,55,592.8,32594.4,2022-05-06
13,CBI 5: The Brain,Ind,31701.6,RFT Films,-,1,59,537.6,31701.6,2022-05-06
14,Sing 2,USA,30403.2,Universal,-55%,15,279,109.2,39348499.2,2022-05-06
15,Cabaret (50th Anniversary),USA,23085.6,Park Circus,-,1,16,1442.4,23085.6,2022-05-06
1,Doctor Strange In The Multiverse Of Madness,UK/USA,6828421.2,Disney,-71%,2,701,9740.4,36463965.6,2022-05-13
2,Downton Abbey: A New Era,UK/USA,1166047.2,Universal,-38%,3,735,1586.4,12460077.6,2022-05-13
3,Everything Everywhere All At Once,USA,817621.2,A24,-,1,150,5450.4,817621.2,2022-05-13
4,Sonic The Hedgehog 2,USA/Jpn,623895.6,Paramount,-18%,7,607,1028.4,28987917.6,2022-05-13
5,Little Mix Live - The Final Show (For Now...) (Concert),UK,434290.8,CinemaLive,-,1,420,1034.4,434290.8,2022-05-13
6,The Lost City,USA,417303.6,Paramount,-27%,5,500,835.2,11139534,2022-05-13
7,The Bad Guys,USA,365634,Universal,-3%,7,570,642,13658376,2022-05-13
8,Fantastic Beasts: The Secrets Of Dumbledore,UK/USA,350086.8,Warner Bros,-29%,6,483,724.8,24080325.6,2022-05-13
9,Firestarter,USA,300007.2,Universal,-,1,512,585.6,300007.2,2022-05-13
10,Sarkaru Vaari Paata,Ind,213483.6,Dreamz Entertainment,-,1,49,4357.2,213483.6,2022-05-13
11,The Northman,UK/USA,142977.6,Universal,-44%,5,286,500.4,5218802.4,2022-05-13
12,Operation Mincemeat,UK/USA,140625.6,Warner Bros,-35%,5,362,388.8,5763673.2,2022-05-13
13,Saunkan Saunkane,Ind,123934.8,White Hill Studios,-,1,36,3442.8,123934.8,2022-05-13
14,The Quiet Girl (An Cailin Ciuin),Irl,102559.2,Curzon,-,1,90,1140,102559.2,2022-05-13
15,Don,Ind,98714.4,DG Tech,-,1,30,3290.4,98714.4,2022-05-13
1,Doctor Strange In The Multiverse Of Madness,UK/USA,3562029.6,Disney,-48%,3,699,5096.4,42341924.4,2022-05-20
2,Everything Everywhere All At Once,USA,1007968.8,A24,23%,2,495,2036.4,2267935.2,2022-05-20
3,Downton Abbey: A New Era,UK/USA,908763.6,Universal,-22%,4,700,1298.4,14707389.6,2022-05-20
4,Sonic The Hedgehog 2,USA/Jpn,508262.4,Paramount,-19%,8,582,873.6,29606446.8,2022-05-20
5,The Lost City,USA,428572.8,Paramount,2%,6,469,914.4,11780784,2022-05-20
6,The Bad Guys,USA,382467.6,Universal,4%,8,561,681.6,14084001.6,2022-05-20
7,Fantastic Beasts: The Secrets Of Dumbledore,UK/USA,284593.2,Warner Bros,-19%,7,429,663.6,24527008.8,2022-05-20
8,Bhool Bhulaiyaa 2,Ind,147793.2,Rising Star Entertainment,-,1,60,2463.6,147793.2,2022-05-20
9,Firestarter,USA,141043.2,Universal,-53%,2,435,324,636596.4,2022-05-20
10,Benediction,UK,120762,Vertigo,-,1,238,507.6,120762,2022-05-20
11,The Northman,UK/USA,115126.8,Universal,-20%,6,274,420,5446548,2022-05-20
12,Operation Mincemeat,UK/USA,110367.6,Warner Bros,-22%,6,315,350.4,6053894.4,2022-05-20
13,Saunkan Saunkane,Ind,108721.2,White Hill Studios,-13%,2,39,2787.6,299824.8,2022-05-20
14,Lucia Di Lammermoor - Met Opera 2022 (Opera),USA,94594.8,Trafalgar,-,1,141,670.8,94594.8,2022-05-20
15,The Quiet Girl (An Cailin Ciuin),Irl,91182,Curzon,-11%,2,101,902.4,315522,2022-05-20
1,Top Gun: Maverick,USA,19117796.4,Paramount,-,1,741,25800,19135796.4,2022-05-27
2,Doctor Strange In The Multiverse Of Madness,UK/USA,1645582.8,Disney,-54%,4,661,2490,45317800.8,2022-05-27
3,Everything Everywhere All At Once,USA,584194.8,A24,-41%,3,533,1095.6,3517158,2022-05-27
4,Downton Abbey: A New Era,UK/USA,420711.6,Universal,-54%,5,593,709.2,15994610.4,2022-05-27
5,The Bob's Burgers Movie,USA,415910.4,Disney,-,1,469,886.8,415910.4,2022-05-27
6,Sonic The Hedgehog 2,USA/Jpn,336494.4,Paramount,-35%,9,577,583.2,30026258.4,2022-05-27
7,The Bad Guys,USA,239331.6,Universal,-38%,9,541,442.8,14366152.8,2022-05-27
8,The Lost City,USA,167086.8,Paramount,-61%,7,300,556.8,12099381.6,2022-05-27
9,Fantastic Beasts: The Secrets Of Dumbledore,UK/USA,108844.8,Warner Bros,-62%,8,235,463.2,24734086.8,2022-05-27
10,F3,Ind,108070.8,Dreamz Entertainment,-,1,59,1831.2,108070.8,2022-05-27
11,Bhool Bhulaiyaa 2,Ind,76192.8,Rising Star Entertainment,-48%,2,40,1904.4,304495.2,2022-05-27
12,Boonie Bears: Back To Earth,Chn,44382,The Media Pioneers Ltd,-,1,333,133.2,44382,2022-05-27
13,The Quiet Girl (An Cailin Ciuin),Irl,44334,Curzon,-51%,3,86,516,459176.4,2022-05-27
14,Saunkan Saunkane,Ind,39224.4,White Hill Studios,-64%,3,25,1568.4,368796,2022-05-27
15,The Phantom Of The Open,UK,30210,eOne Films,-45%,11,15,2013.6,2399066.4,2022-05-27
1,Top Gun: Maverick,USA,12390600,Paramount,-35%,2,756,16389.6,46165656,2022-06-03
2,Doctor Strange In The Multiverse Of Madness,UK/USA,1382211.6,Disney,-16%,5,627,2204.4,48853705.2,2022-06-03
3,Men,UK/USA,623888.4,Entertainment,-,1,568,1098,623888.4,2022-06-03
4,Sonic The Hedgehog 2,USA/Jpn,547425.6,Paramount,62%,10,578,946.8,31419230.4,2022-06-03
5,The Bad Guys,USA,483811.2,Universal,102%,10,535,904.8,15533283.6,2022-06-03
6,Vikram,Ind,479311.2,DG Tech,-,1,67,7154.4,479311.2,2022-06-03
7,Everything Everywhere All At Once,USA,445161.6,A24,-24%,4,441,1009.2,4618088.4,2022-06-03
8,Downton Abbey: A New Era,UK/USA,277329.6,Universal,-35%,6,569,487.2,16897893.6,2022-06-03
9,The Bob's Burgers Movie,USA,230844,Disney,-45%,2,462,499.2,1089871.2,2022-06-03
10,The Lost City,USA,192114,Paramount,15%,8,288,667.2,12551232,2022-06-03
11,Fantastic Beasts: The Secrets Of Dumbledore,UK/USA,100491.6,Warner Bros,-8%,9,244,411.6,25022102.4,2022-06-03
12,Major,Ind,66516,Sony Pictures,-,1,70,950.4,66516,2022-06-03
13,Prithviraj,Ind,65893.2,Yash Raj,-,1,101,652.8,65893.2,2022-06-03
14,Bhool Bhulaiyaa 2,Ind,59566.8,Rising Star Entertainment,-22%,3,28,2127.6,427837.2,2022-06-03
15,The Lady Of Heaven,UK,52813.2,Hannibal Media,-,1,20,2641.2,52813.2,2022-06-03
1,Jurassic World: Dominion,UK/USA,14546073.6,Universal,-,1,707,20574,14546073.6,2022-06-10
2,Top Gun: Maverick,USA,6675164.4,Paramount,-46%,3,740,9020.4,60103086,2022-06-10
3,Doctor Strange In The Multiverse Of Madness,UK/USA,478081.2,Disney,-65%,6,546,876,49826067.6,2022-06-10
4,Everything Everywhere All At Once,USA,246302.4,A24,-45%,5,272,906,5343094.8,2022-06-10
5,Sonic The Hedgehog 2,USA/Jpn,218034,Paramount,-60%,11,534,408,31789390.8,2022-06-10
6,The Bad Guys,USA,151200,Universal,-69%,11,553,273.6,15841510.8,2022-06-10
7,Downton Abbey: A New Era,UK/USA,142802.4,Universal,-49%,7,375,380.4,17438607.6,2022-06-10
8,Vikram,Ind,120595.2,DG Tech,-75%,2,59,2043.6,830799.6,2022-06-10
9,Men,UK/USA,98691.6,Entertainment,-84%,2,300,328.8,1016636.4,2022-06-10
10,Ante Sundaraniki,Ind,81876,Dreamz Entertainment,-,1,70,1170,81876,2022-06-10
11,The Bob's Burgers Movie,USA,51525.6,Disney,-78%,3,255,201.6,1267903.2,2022-06-10
12,All My Friends Hate Me,UK,51465.6,BFI,-,1,73,705.6,51465.6,2022-06-10
13,The Lost City,USA,47004,Paramount,-76%,9,126,373.2,12686467.2,2022-06-10
14,The Quiet Girl (An Cailin Ciuin),Irl,33204,Curzon,-22%,5,71,468,647683.2,2022-06-10
15,Bhool Bhulaiyaa 2,Ind,20490,Rising Star Entertainment,-66%,4,20,1024.8,475077.6,2022-06-10
1,Jurassic World: Dominion,UK/USA,6861458.4,Universal,-53%,2,713,9622.8,26111136,2022-06-17
2,Top Gun: Maverick,USA,5095320,Paramount,-24%,4,717,7106.4,68850374.4,2022-06-17
3,Lightyear,USA,4461602.4,Disney,-,1,653,6832.8,4461602.4,2022-06-17
4,"Good Luck To You, Leo Grande",UK/USA,286368,Lionsgate,-,1,171,1675.2,286368,2022-06-17
5,Doctor Strange In The Multiverse Of Madness,UK/USA,203493.6,Disney,-57%,7,358,568.8,50253709.2,2022-06-17
6,Everything Everywhere All At Once,USA,148580.4,A24,-40%,6,234,634.8,5666121.6,2022-06-17
7,Sonic The Hedgehog 2,USA/Jpn,106838.4,Paramount,-51%,12,431,248.4,31932182.4,2022-06-17
8,The Bad Guys,USA,63705.6,Universal,-58%,12,357,178.8,15926152.8,2022-06-17
9,Downton Abbey: A New Era,UK/USA,48603.6,Universal,-67%,8,211,230.4,17687695.2,2022-06-17
10,Vikram,Ind,31669.2,DG Tech,-74%,3,26,1218,913225.2,2022-06-17
11,Men,UK/USA,30288,Entertainment,-69%,3,121,250.8,1129888.8,2022-06-17
12,The Quiet Girl (An Cailin Ciuin),Irl,24888,Curzon,-27%,6,52,478.8,719844,2022-06-17
13,Veetla Vishesham,Ind,16803.6,Zee Studios,-,1,43,391.2,16803.6,2022-06-17
14,The Spy Who Loved Me (Re: 2022),UK,15412.8,Park Circus,-,12,101,152.4,15412.8,2022-06-17
15,The Lost City,USA,15117.6,Paramount,-68%,10,71,212.4,12727977.6,2022-06-17
1,Elvis,USA/Aus,4828287.6,Warner Bros,-,1,740,6524.4,4828287.6,2022-06-24
2,Jurassic World: Dominion,UK/USA,4099306.8,Universal,-40%,3,677,6055.2,32541474,2022-06-24
3,Top Gun: Maverick,USA,4044776.4,Paramount,-21%,5,707,5721.6,75683140.8,2022-06-24
4,Lightyear,USA,2749198.8,Disney,-38%,2,666,4128,8286980.4,2022-06-24
5,The Black Phone,USA,1661212.8,Universal,-,1,498,3336,1661212.8,2022-06-24
6,Jug Jugg Jeeyo,Ind,196377.6,Moviegoers,-,1,107,1834.8,196377.6,2022-06-24
7,"Good Luck To You, Leo Grande",UK/USA,141870,Lionsgate,-50%,2,330,429.6,632636.4,2022-06-24
8,Everything Everywhere All At Once,USA,86942.4,A24,-41%,7,129,674.4,5853334.8,2022-06-24
9,George Michael Freedom Uncut,UK,82078.8,Trafalgar,-,2,127,646.8,506016,2022-06-24
10,Sonic The Hedgehog 2,USA/Jpn,77930.4,Paramount,-27%,13,429,181.2,32025104.4,2022-06-24
11,The Bad Guys,USA,60170.4,Universal,-6%,13,232,259.2,16002324,2022-06-24
12,Doctor Strange In The Multiverse Of Madness,UK/USA,59726.4,Disney,-71%,8,175,340.8,50414437.2,2022-06-24
13,Sher Bagga,Ind,33700.8,White Hill Studios,-,1,51,661.2,33700.8,2022-06-24
14,Downton Abbey: A New Era,UK/USA,23954.4,Universal,-53%,9,130,184.8,17803741.2,2022-06-24
15,Wings Of Desire (4K Restoration),Deu/Fra,23953.2,Curzon,-,1,24,998.4,23953.2,2022-06-24
1,Minions: The Rise Of Gru,USA,12509709.6,Universal,-,1,631,19825.2,12509709.6,2022-07-01
2,Elvis,USA/Aus,3555950.4,Warner Bros,-27%,2,762,4666.8,12237531.6,2022-07-01
3,Top Gun: Maverick,USA,3193296,Paramount,-21%,6,689,4634.4,81602665.2,2022-07-01
4,Jurassic World: Dominion,UK/USA,2187976.8,Universal,-47%,4,634,3451.2,36497774.4,2022-07-01
5,Lightyear,USA,1036842,Disney,-62%,3,666,1556.4,10218870,2022-07-01
6,The Black Phone,USA,691501.2,Universal,-58%,2,488,1417.2,3164804.4,2022-07-01
7,"Good Luck To You, Leo Grande",UK/USA,83317.2,Lionsgate,-41%,3,226,368.4,896700,2022-07-01
8,Jug Jugg Jeeyo,Ind,77205.6,Moviegoers,-61%,2,58,1330.8,368569.2,2022-07-01
9,Everything Everywhere All At Once,USA,69058.8,A24,-21%,8,95,727.2,5994334.8,2022-07-01
10,Nitram,Aus,50290.8,Picture House Entertainment,-,1,59,852,50290.8,2022-07-01
11,Eric Ravilious: Drawn To War,UK,36319.2,Dartmouth Films,-,1,20,1815.6,36319.2,2022-07-01
12,Rocketry,Ind/Geo/Are,28599.6,Yash Raj,-,1,49,583.2,28599.6,2022-07-01
13,Sonic The Hedgehog 2,USA/Jpn,26280,Paramount,-66%,14,236,111.6,32068636.8,2022-07-01
14,The Bad Guys,USA,23610,Universal,-61%,14,214,110.4,16054198.8,2022-07-01
15,Doctor Strange In The Multiverse Of Madness,UK/USA,21337.2,Disney,-64%,9,96,222,50476326,2022-07-01
1,Thor: Love And Thunder,USA/Aus,14740462.8,Disney,-,1,692,21301.2,14740462.8,2022-07-08
2,Minions: The Rise Of Gru,USA,5193044.4,Universal,-59%,2,654,7940.4,22190031.6,2022-07-08
3,Elvis,USA/Aus,1591023.6,Warner Bros,-55%,3,733,2170.8,16562473.2,2022-07-08
4,Top Gun: Maverick,USA,1202994,Paramount,-62%,7,646,1862.4,84764223.6,2022-07-08
5,Jurassic World: Dominion,UK/USA,672199.2,Universal,-69%,5,538,1249.2,38087487.6,2022-07-08
6,Lightyear,USA,272934,Disney,-74%,4,593,460.8,10835046,2022-07-08
7,The Black Phone,USA,249105.6,Universal,-64%,3,360,692.4,3884773.2,2022-07-08
8,London Nahi Jaunga,Pak,110540.4,Rising Star Entertainment,-,1,61,1812,110540.4,2022-07-08
9,Brian & Charles,UK,86268,Universal,-,1,143,603.6,86268,2022-07-08
10,Dr. Who: Classic Movie Double Bill,UK,77676,StudioCanal,-,1,326,238.8,77676,2022-07-08
11,"Good Luck To You, Leo Grande",UK/USA,33096,Lionsgate,-61%,4,115,288,1029673.2,2022-07-08
12,Everything Everywhere All At Once,USA,23811.6,A24,-66%,9,42,566.4,6076880.4,2022-07-08
13,Jug Jugg Jeeyo,Ind,18339.6,Moviegoers,-76%,3,31,591.6,419211.6,2022-07-08
14,Quaid-E-Azam Zindabad,Pak,17337.6,Seven Colours,-,1,40,433.2,17337.6,2022-07-08
15,Sohreyan Da Pind Aa Gaya,Ind,16876.8,Zee Studios,-,1,16,1054.8,16876.8,2022-07-08
1,Thor: Love And Thunder,USA/Aus,4876527.6,Disney,-67%,2,701,6956.4,25064854.8,2022-07-15
2,Minions: The Rise Of Gru,USA,3196579.2,Universal,-38%,3,682,4687.2,27756338.4,2022-07-15
3,Elvis,USA/Aus,1204584,Warner Bros,-25%,4,710,1696.8,19387474.8,2022-07-15
4,Top Gun: Maverick,USA,972765.6,Paramount,-19%,8,627,1551.6,86772102,2022-07-15
5,Jurassic World: Dominion,UK/USA,460202.4,Universal,-32%,6,489,940.8,38992933.2,2022-07-15
6,The Railway Children Return,UK,438577.2,StudioCanal,-,1,623,704.4,438577.2,2022-07-15
7,Lightyear,USA,194410.8,Disney,-30%,5,539,361.2,11192548.8,2022-07-15
8,The Black Phone,USA,178996.8,Universal,-28%,4,280,639.6,4285908,2022-07-15
9,London Nahi Jaunga,Pak,79630.8,Rising Star Entertainment,-28%,2,37,2151.6,288168,2022-07-15
10,Kaduva,Ind,56824.8,RFT Films,473444%,2,69,823.2,56836.8,2022-07-15
11,Brian & Charles,UK,32658,Universal,-62%,2,102,320.4,187393.2,2022-07-15
12,The Warriorr,Ind,31020,Dreamz Entertainment,-,1,65,477.6,31020,2022-07-15
13,Everything Everywhere All At Once,USA,27150,A24,13%,10,45,603.6,6132891.6,2022-07-15
14,"Good Luck To You, Leo Grande",UK/USA,25460.4,Lionsgate,-31%,5,80,318,1116996,2022-07-15
15,The Bad Guys,USA,23155.2,Universal,38%,16,276,84,16118346,2022-07-15
1,Minions: The Rise Of Gru,USA,3703648.8,Universal,15%,4,708,5230.8,33862346.4,2022-07-22
2,Thor: Love And Thunder,USA/Aus,3663358.8,Disney,-25%,3,704,5203.2,31783101.6,2022-07-22
3,Where The Crawdads Sing,USA,1674844.8,Sony Pictures,-,1,684,2449.2,1674844.8,2022-07-22
4,Elvis,USA/Aus,1484139.6,Warner Bros,22%,5,676,2196,22142478,2022-07-22
5,Top Gun: Maverick,USA,1314157.2,Paramount,34%,9,603,2179.2,89021220,2022-07-22
6,Prima Facie – NT Live 2022 (Theatre),UK,536416.8,National Theatre,-,2,347,1545.6,2205451.2,2022-07-22
7,Jurassic World: Dominion,UK/USA,523083.6,Universal,12%,7,462,1132.8,39889938,2022-07-22
8,The Railway Children Return,UK,376530,StudioCanal,-15%,2,652,577.2,1369522.8,2022-07-22
9,Lightyear,USA,259888.8,Disney,30%,6,542,480,11614662,2022-07-22
10,The Black Phone,USA,210741.6,Universal,17%,5,236,892.8,4634017.2,2022-07-22
11,Shamshera,Ind,57483.6,Yash Raj,-,1,61,942,57483.6,2022-07-22
12,London Nahi Jaunga,Pak,56584.8,Rising Star Entertainment,-29%,3,33,1714.8,382048.8,2022-07-22
13,The Bad Guys,USA,38938.8,Universal,67%,17,290,134.4,16174713.6,2022-07-22
14,Malayankunju,Ind,31586.4,DG Tech,-,1,31,1018.8,31586.4,2022-07-22
15,Everything Everywhere All At Once,USA,30567.6,A24,11%,11,41,745.2,6191796,2022-07-22
1,DC League Of Super-Pets,USA,3233551.2,Warner Bros,-,1,665,4862.4,3233551.2,2022-07-29
2,Minions: The Rise Of Gru,USA,2390413.2,Universal,-36%,5,704,3396,40218010.8,2022-07-29
3,Thor: Love And Thunder,USA/Aus,2289814.8,Disney,-38%,4,690,3318,36998522.4,2022-07-29
4,Elvis,USA/Aus,1322600.4,Warner Bros,-12%,6,660,2004,25038751.2,2022-07-29
5,Top Gun: Maverick,USA,1177354.8,Paramount,-10%,10,597,1971.6,91386418.8,2022-07-29
6,Where The Crawdads Sing,USA,1027010.4,Sony Pictures,-39%,2,703,1460.4,4520473.2,2022-07-29
7,Dirty Dancing (Secret Cinema 2022),USA,678936,Lionsgate,-10%,4,1,678936,2876487.6,2022-07-29
8,Jurassic World: Dominion,UK/USA,345610.8,Universal,-34%,8,401,861.6,40744870.8,2022-07-29
9,Prima Facie – NT Live 2022 (Theatre),UK,297818.4,National Theatre,-46%,3,243,1225.2,3052971.6,2022-07-29
10,The Railway Children Return,UK,228200.4,StudioCanal,-40%,3,572,398.4,2185575.6,2022-07-29
11,The Black Phone,USA,167715.6,Universal,-20%,6,201,834,4990878,2022-07-29
12,Ek Villain Returns,Ind,154192.8,DG Tech,-,1,44,3504,154192.8,2022-07-29
13,Lightyear,USA,109062,Disney,-59%,7,437,249.6,12062743.2,2022-07-29
14,Joyride,Irl/UK,71788.8,Vertigo,-,1,252,284.4,77788.8,2022-07-29
15,Fire Of Love,USA/Can,71763.6,Dogwoof,-,1,66,1087.2,71763.6,2022-07-29
1,Bullet Train,USA/Jpn,3429836.4,Sony Pictures,-,1,669,5126.4,3429836.4,2022-08-05
2,DC League Of Super-Pets,USA,1476506.4,Warner Bros,-54%,2,681,2168.4,7472110.8,2022-08-05
3,Minions: The Rise Of Gru,USA,1333155.6,Universal,-44%,6,692,1926,44048506.8,2022-08-05
4,Thor: Love And Thunder,USA/Aus,1125908.4,Disney,-51%,5,635,1773.6,39924489.6,2022-08-05
5,Elvis,USA/Aus,885414,Warner Bros,-34%,7,634,1396.8,27228061.2,2022-08-05
6,Top Gun: Maverick,USA,731290.8,Paramount,-38%,11,587,1245.6,93088657.2,2022-08-05
7,Where The Crawdads Sing,USA,602336.4,Sony Pictures,-41%,3,649,927.6,6367572,2022-08-05
8,Westlife: Live From Wembley Stadium,UK,561858,CinemaLive,-,1,528,1064.4,561858,2022-08-05
9,Prima Facie – NT Live 2022 (Theatre),UK,178400.4,National Theatre,-40%,4,163,1094.4,3757944,2022-08-05
10,Jurassic World: Dominion,UK/USA,164558.4,Universal,-53%,9,354,464.4,41206929.6,2022-08-05
11,The Railway Children Return,UK,118947.6,StudioCanal,-48%,4,450,264,2663250,2022-08-05
12,The Black Phone,USA,106678.8,Universal,-37%,7,200,532.8,5223430.8,2022-08-05
13,Ek Villain Returns,Ind,86041.2,DG Tech,-44%,2,26,3309.6,364149.6,2022-08-05
14,Sita Ramam,Ind,42484.8,DG Tech,-,1,22,1930.8,42484.8,2022-08-05
15,Lightyear,USA,38551.2,Disney,-67%,8,320,120,12232938,2022-08-05
1,Nope,USA,2231205.6,Universal,-,1,676,3300,2231205.6,2022-08-12
2,Bullet Train,USA/Jpn,1091116.8,Sony Pictures,-68%,2,677,1611.6,6074610,2022-08-12
3,DC League Of Super-Pets,USA,998158.8,Warner Bros,-32%,3,690,1447.2,9850204.8,2022-08-12
4,Minions: The Rise Of Gru,USA,906050.4,Universal,-32%,7,675,1342.8,46280198.4,2022-08-12
5,Thor: Love And Thunder,USA/Aus,643006.8,Disney,-43%,6,581,1106.4,41474808,2022-08-12
6,Elvis,USA/Aus,504753.6,Warner Bros,-44%,8,598,843.6,28481887.2,2022-08-12
7,Laal Singh Chaddha,Ind,493426.8,Paramount,-,1,350,1410,493426.8,2022-08-12
8,Top Gun: Maverick,USA,485848.8,Paramount,-34%,12,547,888,94192370.4,2022-08-12
9,Where The Crawdads Sing,USA,307676.4,Sony Pictures,-49%,4,531,579.6,7358017.2,2022-08-12
10,Prima Facie – NT Live 2022 (Theatre),UK,124812,National Theatre,-31%,5,152,820.8,4350838.8,2022-08-12
11,Jurassic World: Dominion,UK/USA,88204.8,Universal,-46%,10,253,349.2,41451306,2022-08-12
12,Raksha Bandhan,Ind,87129.6,Zee Studios,-,1,111,784.8,87129.6,2022-08-12
13,The Railway Children Return,UK,78489.6,StudioCanal,-35%,5,367,213.6,2917279.2,2022-08-12
14,Viruman,Ind,41700,DG Tech,-,1,20,2084.4,41700,2022-08-12
15,The Black Phone,USA,37687.2,Universal,-65%,8,110,343.2,5342877.6,2022-08-12
1,Nope,USA,1377166.8,Universal,-38%,2,685,2010,5483836.8,2022-08-19
2,Bullet Train,USA/Jpn,1005358.8,Sony Pictures,-8%,3,601,1672.8,8251370.4,2022-08-19
3,DC League Of Super-Pets,USA,973532.4,Warner Bros,-3%,4,687,1417.2,12705571.2,2022-08-19
4,Minions: The Rise Of Gru,USA,903687.6,Universal,0%,8,664,1360.8,48879453.6,2022-08-19
5,Dragon Ball Super: SUPER HERO,Jpn,795948,Sony Pictures,-,1,509,1563.6,795948,2022-08-19
6,Fisherman’s Friends: One And All,UK,787551.6,Entertainment,-,1,640,1230,787551.6,2022-08-19
7,Top Gun: Maverick,USA,620919.6,Paramount,28%,13,512,1213.2,95480277.6,2022-08-19
8,Elvis,USA/Aus,592846.8,Warner Bros,17%,9,522,1135.2,29950790.4,2022-08-19
9,Thor: Love And Thunder,USA/Aus,590224.8,Disney,-8%,7,504,1171.2,42891253.2,2022-08-19
10,Orphan: First Kill,USA/Can,521521.2,Signature Entertainment,-,1,337,1548,521521.2,2022-08-19
11,Where The Crawdads Sing,USA,327784.8,Sony Pictures,6%,5,459,714,8273935.2,2022-08-19
12,Thiruchitrambalam,Ind,158530.8,Big Films,-,1,75,2113.2,158530.8,2022-08-19
13,Laal Singh Chaddha,Ind,128228.4,Paramount,-74%,2,156,822,842731.2,2022-08-19
14,Prima Facie – NT Live 2022 (Theatre),UK,102315.6,National Theatre,-25%,6,112,913.2,4764936,2022-08-19
15,Jurassic World: Dominion,UK/USA,96699.6,Universal,9%,11,260,372,41687443.2,2022-08-19
1,Andre Rieu’s 2022 Maastricht Summer Concert (Concert),Nld,958447.2,Piece of Magic,-,1,607,1579.2,958447.2,2022-08-26
2,Beast,USA/Isl,720310.8,Universal,-,1,599,1202.4,720310.8,2022-08-26
3,DC League Of Super-Pets,USA,718782,Warner Bros,-26%,5,665,1081.2,14746902,2022-08-26
4,Bullet Train,USA/Jpn,711652.8,Sony Pictures,-29%,4,561,1268.4,9783874.8,2022-08-26
5,Nope,USA,691971.6,Universal,-50%,3,609,1136.4,7199761.2,2022-08-26
6,Minions: The Rise Of Gru,USA,688214.4,Universal,-24%,9,645,1066.8,50862180,2022-08-26
7,Top Gun: Maverick,USA,659388,Paramount,5%,14,587,1123.2,96714812.4,2022-08-26
8,Elvis,USA/Aus,458358,Warner Bros,-23%,10,508,902.4,31012028.4,2022-08-26
9,Thor: Love And Thunder,USA/Aus,386760,Disney,-35%,8,467,828,43852899.6,2022-08-26
10,Fisherman’s Friends: One And All,UK,379827.6,Entertainment,-52%,2,622,610.8,2147863.2,2022-08-26
11,Orphan: First Kill,USA/Can,376524,Signature Entertainment,-28%,2,351,1072.8,1364598,2022-08-26
12,The Invitation,USA/Hun,314149.2,Sony Pictures,-,1,428,734.4,314149.2,2022-08-26
13,Where The Crawdads Sing,USA,200912.4,Sony Pictures,-40%,6,366,548.4,8854474.8,2022-08-26
14,Dragon Ball Super: SUPER HERO,Jpn,148429.2,Sony Pictures,-82%,2,407,364.8,1255378.8,2022-08-26
15,Liger,Ind/USA,116626.8,DG Tech,-,1,95,1227.6,116626.8,2022-08-26
1,Minions: The Rise Of Gru,USA,1267395.6,Universal,84%,10,634,1999.2,53038774.8,2022-09-02
2,DC League Of Super-Pets,USA,1210303.2,Warner Bros,68%,6,637,1899.6,16837777.2,2022-09-02
3,Top Gun: Maverick,USA,720309.6,Paramount,9%,15,570,1263.6,97954804.8,2022-09-02
4,Bullet Train,USA/Jpn,664920,Sony Pictures,-7%,5,487,1365.6,11088002.4,2022-09-02
5,Spider-Man: No Way Home,USA,563170.8,Sony Pictures,-,38,567,993.6,116284279.2,2022-09-02
6,Nope,USA,547004.4,Universal,-21%,4,491,1113.6,8345980.8,2022-09-02
7,E.T. (40th Anniversary),USA,526458,Universal,-,1,529,994.8,526458,2022-09-02
8,Elvis,USA/Aus,465046.8,Warner Bros,1%,11,520,894,31920100.8,2022-09-02
9,Beast,USA/Isl,457202.4,Universal,-37%,2,592,772.8,1760188.8,2022-09-02
10,Three Thousand Years Of Longing,USA/Aus,368611.2,Entertainment,-,1,546,675.6,368611.2,2022-09-02
11,Thor: Love And Thunder,USA/Aus,348849.6,Disney,-10%,9,381,915.6,44610733.2,2022-09-02
12,Orphan: First Kill,USA/Can,288337.2,Signature Entertainment,-23%,3,272,1059.6,1984677.6,2022-09-02
13,Fall,USA/UK,264324,Signature Entertainment,-,1,442,597.6,264324,2022-09-02
14,Fisherman’s Friends: One And All,UK,252678,Entertainment,-34%,3,540,468,2945844,2022-09-02
15,The Forgiven,UK,219326.4,Universal,-,1,423,518.4,219326.4,2022-09-02
1,See How They Run,UK/USA,1396182,Disney,-,1,690,2023.2,1396182,2022-09-09
2,Tad The Lost Explorer And The Curse Of The Mummy,Esp,982230,Paramount,-,1,614,1599.6,982230,2022-09-09
3,Jaws (Re: 2022),USA,629079.6,Universal,-,1,447,1407.6,629079.6,2022-09-09
4,Brahmastra Part 1: Shiva,UK/Ind/USA,620331.6,Disney,-,1,217,2858.4,620331.6,2022-09-09
5,Minions: The Rise Of Gru,USA,459097.2,Universal,-64%,11,580,792,53731026,2022-09-09
6,DC League Of Super-Pets,USA,438356.4,Warner Bros,-64%,7,580,756,17467490.4,2022-09-09
7,Bodies Bodies Bodies,USA,421390.8,Sony Pictures,-,1,521,808.8,421390.8,2022-09-09
8,Bullet Train,USA/Jpn,413332.8,Sony Pictures,-38%,6,407,1015.2,11824501.2,2022-09-09
9,Top Gun: Maverick,USA,373386,Paramount,-48%,16,480,777.6,98898501.6,2022-09-09
10,Nope,USA,275925.6,Universal,-50%,5,378,729.6,8915799.6,2022-09-09
11,Elvis,USA/Aus,258808.8,Warner Bros,-45%,12,422,613.2,32452586.4,2022-09-09
12,Orphan: First Kill,USA/Can,188217.6,Signature Entertainment,-35%,4,218,862.8,2335441.2,2022-09-09
13,Beast,USA/Isl,145670.4,Universal,-68%,3,382,381.6,2103484.8,2022-09-09
14,Thor: Love And Thunder,USA/Aus,124801.2,Disney,-64%,10,297,420,44843233.2,2022-09-09
15,Fisherman’s Friends: One And All,UK,114200.4,Entertainment,-56%,4,381,300,3346173.6,2022-09-09
1,See How They Run,UK/USA,1181734.8,Disney,-15%,2,717,1647.6,3397476,2022-09-16
2,Bullet Train,USA/Jpn,390302.4,Sony Pictures,-6%,7,390,1000.8,12420693.6,2022-09-16
3,Minions: The Rise Of Gru,USA,386095.2,Universal,-16%,12,572,674.4,54173634,2022-09-16
4,Top Gun: Maverick,USA,385155.6,Paramount,3%,17,509,757.2,99461737.2,2022-09-16
5,DC League Of Super-Pets,USA,369504,Warner Bros,-16%,8,564,655.2,17879604,2022-09-16
6,Tad The Lost Explorer And The Curse Of The Mummy,Esp,337801.2,Paramount,-66%,2,613,550.8,1383016.8,2022-09-16
7,Elvis,USA/Aus,245518.8,Warner Bros,-5%,13,449,547.2,32846353.2,2022-09-16
8,Brahmastra Part 1: Shiva,UK/Ind/USA,242172,Disney,-61%,2,198,1222.8,1084189.2,2022-09-16
9,Bodies Bodies Bodies,USA,234908.4,Sony Pictures,-44%,2,492,477.6,882343.2,2022-09-16
10,Moonage Daydream,USA/Deu,217760.4,Universal,-,1,51,4269.6,217760.4,2022-09-16
11,Nope,USA,215791.2,Universal,-22%,6,314,687.6,9301263.6,2022-09-16
12,Jaws (Re: 2022),USA,198372,Universal,-68%,2,309,642,1015736.4,2022-09-16
13,Orphan: First Kill,USA/Can,162211.2,Signature Entertainment,-14%,5,205,790.8,2591097.6,2022-09-16
14,Where The Crawdads Sing,USA,99390,Sony Pictures,9%,9,248,400.8,9738277.2,2022-09-16
15,Beast,USA/Isl,95803.2,Universal,-35%,4,282,339.6,2270222.4,2022-09-16
1,Ticket To Paradise,USA/UK,3366738,Universal,-,1,687,4900.8,3366738,2022-09-23
2,Don't Worry Darling,USA,3326322,Warner Bros,-,1,693,4800,3326322,2022-09-23
3,Avatar (Re: 2022),USA,1462431.6,Disney,-,1,535,2733.6,1462431.6,2022-09-23
4,See How They Run,UK/USA,567866.4,Disney,-52%,3,640,886.8,4435382.4,2022-09-23
5,Moonage Daydream,USA/Deu,450478.8,Universal,107%,2,559,806.4,811422,2022-09-23
6,Minions: The Rise Of Gru,USA,321424.8,Universal,-17%,13,536,600,54535867.2,2022-09-23
7,DC League Of Super-Pets,USA,284335.2,Warner Bros,-23%,9,526,540,18194814,2022-09-23
8,Tad The Lost Explorer And The Curse Of The Mummy,Esp,242078.4,Paramount,-28%,3,598,404.4,1653819.6,2022-09-23
9,Bullet Train,USA/Jpn,183536.4,Sony Pictures,-53%,8,268,685.2,12714187.2,2022-09-23
10,Top Gun: Maverick,USA,167353.2,Paramount,-57%,18,341,490.8,99744192,2022-09-23
11,Orphan: First Kill,USA/Can,77469.6,Signature Entertainment,-52%,6,143,541.2,2719663.2,2022-09-23
12,Nope,USA,66340.8,Universal,-70%,7,146,454.8,9443788.8,2022-09-23
13,Elvis,USA/Aus,64684.8,Warner Bros,-74%,14,185,349.2,32990916,2022-09-23
14,Brahmastra Part 1: Shiva,UK/Ind/USA,56236.8,Disney,-77%,3,85,661.2,1194284.4,2022-09-23
15,Bodies Bodies Bodies,USA,52789.2,Sony Pictures,-78%,3,220,240,1032319.2,2022-09-23
1,Smile,USA,2232542.4,Paramount,-,1,519,4302,2235361.2,2022-09-30
2,Don't Worry Darling,USA,2202198,Warner Bros,-34%,2,706,3118.8,7433716.8,2022-09-30
3,Ticket To Paradise,USA/UK,1604659.2,Universal,-52%,2,681,2356.8,6203530.8,2022-09-30
4,Mrs. Harris Goes To Paris,UK/Hun,969380.4,Universal,-,1,661,1466.4,969380.4,2022-09-30
5,Ponniyin Selvan: I,Ind,894463.2,DG Tech,-,1,119,7516.8,894463.2,2022-09-30
6,Avatar (Re: 2022),USA,881918.4,Disney,-40%,2,491,1796.4,2889906,2022-09-30
7,See How They Run,UK/USA,382419.6,Disney,-33%,4,526,727.2,5153823.6,2022-09-30
8,Minions: The Rise Of Gru,USA,341884.8,Universal,6%,14,509,672,54917455.2,2022-09-30
9,DC League Of Super-Pets,USA,268994.4,Warner Bros,-6%,10,489,549.6,18495296.4,2022-09-30
10,Tad The Lost Explorer And The Curse Of The Mummy,Esp,245479.2,Paramount,1%,4,567,433.2,1927664.4,2022-09-30
11,Moonage Daydream,USA/Deu,245218.8,Universal,-46%,3,376,651.6,1390497.6,2022-09-30
12,Vikram Vedha,Ind,164626.8,DG Tech,-,1,134,1228.8,164626.8,2022-09-30
13,Bullet Train,USA/Jpn,117694.8,Sony Pictures,-36%,9,170,692.4,12919438.8,2022-09-30
14,Top Gun: Maverick,USA,109320,Paramount,-35%,19,216,506.4,99936321.6,2022-09-30
15,Ponniyin Selvan: I (Ireland),Ind,65676,2G Entertainments Ltd,-,1,21,3127.2,65676,2022-09-30
1,Smile,USA,2058813.6,Paramount,-8%,2,521,3951.6,5702217.6,2022-10-07
2,The Woman King,USA,1570422,eOne Films,-,1,574,2736,1570422,2022-10-07
3,Don't Worry Darling,USA,1224099.6,Warner Bros,-44%,3,664,1843.2,9851276.4,2022-10-07
4,Ticket To Paradise,USA/UK,1033406.4,Universal,-36%,3,651,1587.6,8076824.4,2022-10-07
5,Amsterdam,USA,759266.4,Disney,-,1,614,1236,759266.4,2022-10-07
6,Mrs. Harris Goes To Paris,UK/Hun,617972.4,Universal,-36%,2,659,937.2,2694638.4,2022-10-07
7,The Lost King,UK,442503.6,Warner Bros,-,1,559,792,442503.6,2022-10-07
8,Ponniyin Selvan: I,Ind,226795.2,DG Tech,-75%,2,91,2492.4,1338579.6,2022-10-07
9,Minions: The Rise Of Gru,USA,198703.2,Universal,-42%,15,449,442.8,55141486.8,2022-10-07
10,See How They Run,UK/USA,133590,Disney,-65%,5,320,417.6,5478544.8,2022-10-07
11,DC League Of Super-Pets,USA,133047.6,Warner Bros,-51%,11,415,320.4,18646624.8,2022-10-07
12,Babe Bhangra Paunde Ne,Ind,120524.4,White Hill Studios,-,1,57,2114.4,120524.4,2022-10-07
13,Godfather,Ind,111854.4,Dreamz Entertainment,-,1,44,2541.6,111854.4,2022-10-07
14,Moonage Daydream,USA/Deu,101012.4,Universal,-59%,4,177,571.2,1655727.6,2022-10-07
15,Tad The Lost Explorer And The Curse Of The Mummy,Esp,78446.4,Paramount,-68%,5,417,188.4,2021286,2022-10-07
1,"Lyle, Lyle, Crocodile",USA,3340274.4,Sony Pictures,-,1,652,5122.8,3340274.4,2022-10-14
2,Halloween Ends,USA,2532012,Universal,-,1,574,4411.2,2532012,2022-10-14
3,Smile,USA,1704830.4,Paramount,-17%,3,528,3229.2,8664634.8,2022-10-14
4,Ticket To Paradise,USA/UK,740449.2,Universal,-28%,4,578,1281.6,9355320,2022-10-14
5,Don't Worry Darling,USA,733009.2,Warner Bros,-40%,4,582,1260,11223655.2,2022-10-14
6,The Woman King,USA,731896.8,eOne Films,-53%,2,542,1350,2872179.6,2022-10-14
7,Mrs. Harris Goes To Paris,UK/Hun,464043.6,Universal,-25%,3,619,750,3898873.2,2022-10-14
8,Amsterdam,USA,393531.6,Disney,-48%,2,594,662.4,1572811.2,2022-10-14
9,The Legend Of Maula Jatt,Pak,378262.8,Moviegoers,-,1,78,4849.2,378262.8,2022-10-14
10,Emily,UK,331586.4,Warner Bros,-,1,545,608.4,331586.4,2022-10-14
11,The Lost King,UK,235130.4,Warner Bros,-47%,2,481,488.4,1056130.8,2022-10-14
12,Minions: The Rise Of Gru,USA,142160.4,Universal,-29%,16,421,337.2,55315508.4,2022-10-14
13,DC League Of Super-Pets,USA,101678.4,Warner Bros,-24%,12,386,264,18769003.2,2022-10-14
14,See How They Run,UK/USA,76225.2,Disney,-44%,6,159,480,5645844,2022-10-14
15,Moonage Daydream,USA/Deu,70324.8,Universal,-31%,5,104,676.8,1799884.8,2022-10-14
1,Black Adam,USA,6786003.6,Warner Bros,-,1,650,10440,6786003.6,2022-10-21
2,The Banshees Of Inisherin,UK/Irl/USA,1971864,Disney,-,1,546,3612,1971864,2022-10-21
3,"Lyle, Lyle, Crocodile",USA,1723384.8,Sony Pictures,-48%,2,707,2437.2,5904618,2022-10-21
4,Smile,USA,1195772.4,Paramount,-30%,4,509,2349.6,10822422,2022-10-21
5,Halloween Ends,USA,844005.6,Universal,-67%,2,576,1465.2,4390390.8,2022-10-21
6,Decision To Leave,Kor,492128.4,MUBI,-,1,114,4316.4,492128.4,2022-10-21
7,Ticket To Paradise,USA/UK,453844.8,Universal,-39%,5,481,943.2,10263031.2,2022-10-21
8,The Woman King,USA,355435.2,eOne Films,-52%,3,319,1114.8,3594471.6,2022-10-21
9,Don't Worry Darling,USA,343693.2,Warner Bros,-54%,5,421,816,11994967.2,2022-10-21
10,Mrs. Harris Goes To Paris,UK/Hun,252522,Universal,-46%,4,425,594,4693477.2,2022-10-21
11,The Legend Of Maula Jatt,Pak,244699.2,Moviegoers,-35%,2,76,3219.6,897130.8,2022-10-21
12,Minions: The Rise Of Gru,USA,116106,Universal,-18%,17,338,343.2,55484788.8,2022-10-21
13,Emily,UK,99108,Warner Bros,-70%,2,274,361.2,728323.2,2022-10-21
14,The Lost King,UK,87217.2,Warner Bros,-63%,3,211,412.8,1386069.6,2022-10-21
15,Amsterdam,USA,82197.6,Disney,-79%,3,199,412.8,1881410.4,2022-10-21
1,Black Adam,USA,4186560,Warner Bros,-38%,2,654,6402,16131757.2,2022-10-28
2,"Lyle, Lyle, Crocodile",USA,1798921.2,Sony Pictures,4%,3,699,2574,10852411.2,2022-10-28
3,The Banshees Of Inisherin,UK/Irl/USA,1524385.2,Disney,-23%,2,577,2642.4,5071990.8,2022-10-28
4,Prey For The Devil,USA,1031660.4,Lionsgate,-,1,464,2223.6,1031660.4,2022-10-28
5,Coldplay Music Of The Spheres Live Broadcast From Buenos Aires (Concert),Arg,894650.4,Trafalgar,-,1,459,1948.8,894650.4,2022-10-28
6,Smile,USA,775300.8,Paramount,-35%,5,532,1456.8,12351252,2022-10-28
7,Harry Potter And The Chamber Of Secrets (20th Anniversary),UK/USA,545100,Warner Bros,-,1,449,1214.4,545100,2022-10-28
8,Barbarian,USA,456974.4,Disney,-,1,423,1080,456974.4,2022-10-28
9,Halloween Ends,USA,398125.2,Universal,-53%,3,498,799.2,5321755.2,2022-10-28
10,Triangle Of Sadness,UK/Swe/Fra/Deu,370740,Lionsgate,-,1,125,2966.4,370740,2022-10-28
11,Bros,USA,258734.4,Universal,-,1,482,536.4,258734.4,2022-10-28
12,Ticket To Paradise,USA/UK,252120,Universal,-45%,6,350,720,10981082.4,2022-10-28
13,The Woman King,USA,187804.8,eOne Films,-47%,4,157,1196.4,4037980.8,2022-10-28
14,The Legend Of Maula Jatt,Pak,145335.6,Moviegoers,-41%,3,61,2382,1236151.2,2022-10-28
15,Decision To Leave,Kor,127869.6,MUBI,-74%,2,153,835.2,780000,2022-10-28
1,Black Adam,USA,2408186.4,Warner Bros,-43%,3,650,3704.4,20473890,2022-11-04
2,"Lyle, Lyle, Crocodile",USA,1175380.8,Sony Pictures,-35%,4,666,1765.2,12974245.2,2022-11-04
3,The Banshees Of Inisherin,UK/Irl/USA,1171587.6,Disney,-23%,3,658,1780.8,7534128,2022-11-04
4,Living,UK,804247.2,Lionsgate,-,1,258,3117.6,804247.2,2022-11-04
5,One Piece Film: Red,Jpn,671547.6,Anime,-,1,289,2323.2,671547.6,2022-11-04
6,Prey For The Devil,USA,437670,Lionsgate,-58%,2,471,928.8,2043806.4,2022-11-04
7,Smile,USA,422211.6,Paramount,-46%,6,457,924,13315296,2022-11-04
8,Triangle Of Sadness,UK/Swe/Fra/Deu,260106,Lionsgate,-30%,2,175,1486.8,830746.8,2022-11-04
9,Barbarian,USA,237054,Disney,-48%,2,391,606,1070244,2022-11-04
10,Ticket To Paradise,USA/UK,209298,Universal,-18%,7,346,604.8,11383563.6,2022-11-04
11,Ania,Pol,198174,Magnetes,-,1,175,1132.8,198174,2022-11-04
12,Watcher,USA/Are,168475.2,Universal,-,1,239,704.4,168475.2,2022-11-04
13,The Woman King,USA,164664,eOne Films,-12%,5,160,1029.6,4305320.4,2022-11-04
14,La Traviata - Met Opera 2022 (Opera),USA,122924.4,Trafalgar,-,1,141,872.4,122924.4,2022-11-04
15,The Legend Of Maula Jatt,Pak,116767.2,Moviegoers,-20%,4,55,2122.8,1449170.4,2022-11-04
1,Black Panther: Wakanda Forever,USA,14836644,Disney,-,1,699,21225.6,14836644,2022-11-11
2,Black Adam,USA,942793.2,Warner Bros,-61%,4,592,1592.4,22250089.2,2022-11-11
3,"Lyle, Lyle, Crocodile",USA,777646.8,Sony Pictures,-34%,5,643,1209.6,13879866,2022-11-11
4,The Banshees Of Inisherin,UK/Irl/USA,672752.4,Disney,-43%,4,606,1110,8976915.6,2022-11-11
5,Living,UK,592341.6,Lionsgate,-26%,2,392,1510.8,2082505.2,2022-11-11
6,Prey For The Devil,USA,203898,Lionsgate,-53%,3,324,628.8,2476292.4,2022-11-11
7,Smile,USA,189620.4,Paramount,-55%,7,319,594,13713723.6,2022-11-11
8,Triangle Of Sadness,UK/Swe/Fra/Deu,167282.4,Lionsgate,-36%,3,148,1130.4,1177268.4,2022-11-11
9,One Piece Film: Red,Jpn,104817.6,Anime,-84%,2,229,457.2,900552,2022-11-11
10,Ticket To Paradise,USA/UK,79639.2,Universal,-62%,8,227,350.4,11602994.4,2022-11-11
11,Barbarian,USA,72020.4,Disney,-70%,3,186,387.6,1298444.4,2022-11-11
12,Watcher,USA/Are,58282.8,Universal,-65%,2,146,399.6,326642.4,2022-11-11
13,Minions: The Rise Of Gru,USA,54859.2,Universal,-49%,20,307,178.8,56069799.6,2022-11-11
14,The Woman King,USA,53161.2,eOne Films,-68%,6,92,578.4,4449315.6,2022-11-11
15,The Legend Of Maula Jatt,Pak,47380.8,Moviegoers,-59%,5,29,1634.4,1554139.2,2022-11-11
1,Black Panther: Wakanda Forever,USA,7428712.8,Disney,-50%,2,702,10582.8,27237589.2,2022-11-18
2,The Menu,USA,1118434.8,Disney,-,1,605,1849.2,1118434.8,2022-11-18
3,"Lyle, Lyle, Crocodile",USA,627036,Sony Pictures,-20%,6,632,992.4,14612280,2022-11-18
4,Black Adam,USA,595914,Warner Bros,-37%,5,514,1159.2,23178619.2,2022-11-18
5,Living,UK,407649.6,Lionsgate,-31%,3,419,973.2,3107610,2022-11-18
6,The Banshees Of Inisherin,UK/Irl/USA,388182,Disney,-43%,5,460,843.6,9858098.4,2022-11-18
7,Aftersun,UK/USA,276400.8,MUBI,-,1,109,2535.6,276400.8,2022-11-18
8,Listy Do M. 5,Pol,246768,Magnetes,-,1,232,1063.2,246768,2022-11-18
9,Drishyam 2,Ind,176216.4,Yash Raj,-,1,71,2481.6,176216.4,2022-11-18
10,Matthew Bourne’s Nutcracker! (Dance),UK,148284,Trafalgar,-,2,224,662.4,280460.4,2022-11-18
11,Liam Gallagher - Knebworth 22 (Concert),UK,141186,Trafalgar,-,2,334,422.4,268606.8,2022-11-18
12,Triangle Of Sadness,UK/Swe/Fra/Deu,111532.8,Lionsgate,-33%,4,94,1186.8,1398136.8,2022-11-18
13,Prey For The Devil,USA,108463.2,Lionsgate,-47%,4,212,511.2,2698670.4,2022-11-18
14,Smile,USA,85189.2,Paramount,-55%,8,224,380.4,13901406,2022-11-18
15,Armageddon Time,USA,80451.6,Universal,-,1,305,264,80451.6,2022-11-18
1,Roald Dahl’s Matilda The Musical,UK/USA,4962501.6,Sony Pictures,-,1,684,7255.2,4962501.6,2022-11-25
2,Black Panther: Wakanda Forever,USA,3233336.4,Disney,-56%,3,669,4833.6,32480022,2022-11-25
3,Strange World,USA,999651.6,Disney,-,1,573,1744.8,999651.6,2022-11-25
4,She Said,USA,533767.2,Universal,-,1,529,1009.2,533767.2,2022-11-25
5,The Menu,USA,515426.4,Disney,-55%,2,598,861.6,2352673.2,2022-11-25
6,Bones And All,Ita/USA,381895.2,Warner Bros,-,1,466,819.6,381895.2,2022-11-25
7,Black Adam,USA,200048.4,Warner Bros,-66%,6,360,555.6,23544291.6,2022-11-25
8,Living,UK,157590,Lionsgate,-61%,4,299,526.8,3661245.6,2022-11-25
9,"Lyle, Lyle, Crocodile",USA,140725.2,Sony Pictures,-78%,7,498,282,14810404.8,2022-11-25
10,A Christmas Carol - A Ghost Story (Theatre),UK,135843.6,Trafalgar,-,1,313,434.4,135843.6,2022-11-25
11,The Banshees Of Inisherin,UK/Irl/USA,135001.2,Disney,-65%,6,229,589.2,10243569.6,2022-11-25
12,Aftersun,UK/USA,132661.2,MUBI,-52%,2,107,1239.6,588349.2,2022-11-25
13,Table For Six,Hkg,83679.6,Haven Productions,-,1,39,2145.6,83679.6,2022-11-25
14,Drishyam 2,Ind,74244,Yash Raj,-58%,2,45,1650,344907.6,2022-11-25
15,Triangle Of Sadness,UK/Swe/Fra/Deu,65085.6,Lionsgate,-42%,5,61,1066.8,1544505.6,2022-11-25
1,Roald Dahl’s Matilda The Musical,UK/USA,3038138.4,Sony Pictures,-39%,2,692,4390.8,9417776.4,2022-12-02
2,Black Panther: Wakanda Forever,USA,1807063.2,Disney,-44%,4,637,2836.8,35368491.6,2022-12-02
3,Violent Night,USA,987176.4,Universal,-,1,580,1701.6,987176.4,2022-12-02
4,Strange World,USA,530890.8,Disney,-47%,2,590,900,1670815.2,2022-12-02
5,The Menu,USA,401316,Disney,-23%,3,525,764.4,3123438,2022-12-02
6,She Said,USA,239894.4,Universal,-55%,2,515,465.6,1130500.8,2022-12-02
7,Aftersun,UK/USA,122326.8,MUBI,-8%,3,171,715.2,815847.6,2022-12-02
8,The Banshees Of Inisherin,UK/Irl/USA,121783.2,Disney,-10%,7,229,531.6,10500530.4,2022-12-02
9,Bones And All,Ita/USA,115123.2,Warner Bros,-70%,2,349,330,704395.2,2022-12-02
10,Living,UK,112902,Lionsgate,-29%,5,302,374.4,3980095.2,2022-12-02
11,Black Adam,USA,110073.6,Warner Bros,-45%,7,288,381.6,23730903.6,2022-12-02
12,CBeebies Panto 2022: Dick Whittington And His Cat,UK,94354.8,Modern Films,-,1,422,223.2,94354.8,2022-12-02
13,Home Alone (Re: 2018),USA,81871.2,Park Circus,108%,210,246,332.4,1598598,2022-12-02
14,The Muppet Christmas Carol (30th Anniversary),USA/UK,80013.6,Park Circus,-,1,315,254.4,80013.6,2022-12-02
15,Elf (Re: 2021),USA,78720,Park Circus,68%,54,229,343.2,910923.6,2022-12-02
1,Roald Dahl’s Matilda The Musical,UK/USA,2523440.4,Sony Pictures,-17%,3,717,3519.6,12941400,2022-12-09
2,Black Panther: Wakanda Forever,USA,964560,Disney,-47%,5,608,1586.4,36996093.6,2022-12-09
3,Violent Night,USA,680821.2,Universal,-31%,2,607,1122,2331931.2,2022-12-09
4,Strange World,USA,366962.4,Disney,-31%,3,593,619.2,2135198.4,2022-12-09
5,The Menu,USA,231392.4,Disney,-42%,4,438,528,3621960,2022-12-09
6,Elf (Re: 2021),USA,178764,Park Circus,84%,55,426,420,1146776.4,2022-12-09
7,"The Nutcracker - ROH, London 2022 (Ballet)",UK,160076.4,Royal Opera House,-,2,150,1066.8,842659.2,2022-12-09
8,Home Alone (Re: 2018),USA,143439.6,Park Circus,55%,211,320,448.8,1780360.8,2022-12-09
9,The Muppet Christmas Carol (30th Anniversary),USA/UK,113065.2,Park Circus,34%,2,406,278.4,207282,2022-12-09
10,The Polar Express (Re: 2014),USA,106658.4,Park Circus,466%,419,116,919.2,794560.8,2022-12-09
11,Top Gun: Maverick,USA,98184,Paramount,3427%,29,316,310.8,100290708,2022-12-09
12,She Said,USA,96978,Universal,-60%,3,353,274.8,1408616.4,2022-12-09
13,Aftersun,UK/USA,73430.4,MUBI,-40%,4,202,363.6,998110.8,2022-12-09
14,CBeebies Panto 2022: Dick Whittington And His Cat,UK,72090,Modern Films,-26%,2,401,180,169244.4,2022-12-09
15,The Hours - Met Opera 2022 (Opera),USA,65128.8,Trafalgar,-,1,133,489.6,65128.8,2022-12-09
1,Avatar: The Way Of Water,USA,13425074.4,Disney,-,1,721,18620.4,13425074.4,2022-12-16
2,Roald Dahl’s Matilda The Musical,UK/USA,1581753.6,Sony Pictures,-38%,4,748,2114.4,15315696,2022-12-16
3,Black Panther: Wakanda Forever,USA,453388.8,Disney,-53%,6,478,948,37896232.8,2022-12-16
4,Violent Night,USA,422737.2,Universal,-38%,3,524,806.4,3239623.2,2022-12-16
5,Strange World,USA,232603.2,Disney,-37%,4,539,432,2455096.8,2022-12-16
6,Elf (Re: 2021),USA,146550,Park Circus,-23%,56,397,369.6,1423855.2,2022-12-16
7,Home Alone (Re: 2018),USA,127064.4,Park Circus,-20%,212,365,348,1976373.6,2022-12-16
8,It's A Wonderful Life (1946) (75th Anniversary),USA,112598.4,Park Circus,228%,55,140,804,602341.2,2022-12-16
9,The Muppet Christmas Carol (30th Anniversary),USA/UK,112338,Park Circus,-1%,3,391,286.8,379008,2022-12-16
10,The Menu,USA,101124,Disney,-56%,5,189,535.2,3919120.8,2022-12-16
11,Aftersun,UK/USA,44612.4,MUBI,-39%,5,75,595.2,1133949.6,2022-12-16
12,The Polar Express (Re: 2014),USA,43617.6,Park Circus,-60%,420,192,226.8,850238.4,2022-12-16
13,Die Hard (30th Anniversary),USA,38914.8,Park Circus,-16%,211,62,627.6,764575.2,2022-12-16
14,Home Alone 2: Lost In New York (Re: 2018),USA,36948,Park Circus,-33%,212,160,230.4,400554,2022-12-16
15,The Amazing Maurice,UK/Deu,36379.2,Sky Cinema,-,1,109,333.6,36379.2,2022-12-16
1,Avatar: The Way Of Water,USA,5968804.8,Disney,-56%,2,732,8154,30040946.4,2022-12-23
2,Roald Dahl’s Matilda The Musical,UK/USA,1353675.6,Sony Pictures,-15%,5,727,1862.4,19399897.2,2022-12-23
3,Love Actually (Re: 2021),UK/USA/Fra,489814.8,Park Circus,1662%,57,413,1185.6,782094,2022-12-23
4,Elf (Re: 2021),USA,302473.2,Park Circus,81%,57,543,556.8,2072215.2,2022-12-23
5,Violent Night,USA,295678.8,Universal,-30%,4,451,655.2,4072197.6,2022-12-23
6,Black Panther: Wakanda Forever,USA,241135.2,Disney,-47%,7,369,654,38743010.4,2022-12-23
7,Home Alone (Re: 2018),USA,225031.2,Park Circus,60%,213,464,484.8,2398113.6,2022-12-23
8,It's A Wonderful Life (1946) (75th Anniversary),USA,213001.2,Park Circus,89%,56,215,991.2,946796.4,2022-12-23
9,Strange World,USA,172286.4,Disney,-26%,5,443,388.8,3061730.4,2022-12-23
10,The Muppet Christmas Carol (30th Anniversary),USA/UK,171328.8,Park Circus,51%,4,461,372,696658.8,2022-12-23
11,The Polar Express (Re: 2014),USA,129054,Park Circus,196%,421,409,315.6,1085252.4,2022-12-23
12,Cirkus,Ind,86407.2,DG Tech,-,1,129,669.6,86407.2,2022-12-23
13,Home Alone 2: Lost In New York (Re: 2018),USA,52219.2,Park Circus,39%,213,180,290.4,517760.4,2022-12-23
14,The Menu,USA,35595.6,Disney,-65%,6,135,264,4060550.4,2022-12-23
15,The Amazing Maurice,UK/Deu,31789.2,Sky Cinema,-13%,2,111,286.8,134313.6,2022-12-23
1,Avatar: The Way Of Water,USA,9172516.8,Disney,54%,3,727,12616.8,53965596,2022-12-30
2,Whitney Houston: I Wanna Dance With Somebody,UK/USA,3990549.6,Sony Pictures,-,1,687,5809.2,3990549.6,2022-12-30
3,Roald Dahl’s Matilda The Musical,UK/USA,2448616.8,Sony Pictures,80%,6,726,3373.2,24980380.8,2022-12-30
4,Black Panther: Wakanda Forever,USA,523387.2,Disney,117%,8,382,1370.4,39888021.6,2022-12-30
5,Strange World,USA,336932.4,Disney,95%,6,503,669.6,3788712,2022-12-30
6,Corsage,Deu/Fra/Aut/Lux,243745.2,Picture House Entertainment,-,1,134,1819.2,243745.2,2022-12-30
7,The Amazing Maurice,UK/Deu,136255.2,Sky Cinema,329%,3,158,862.8,426039.6,2022-12-30
8,The Menu,USA,125355.6,Disney,253%,7,164,764.4,4333326,2022-12-30
9,Violent Night,USA,121336.8,Universal,-59%,5,250,484.8,4394497.2,2022-12-30
10,"Lyle, Lyle, Crocodile",USA,106004.4,Sony Pictures,875%,12,387,273.6,15269322,2022-12-30
11,Berliner Philharmoniker Live: New Year's Eve Concert 2022 (Concert),Deu,65740.8,Trafalgar,-,1,77,853.2,65740.8,2022-12-30
12,Aftersun,UK/USA,52790.4,MUBI,261%,7,87,607.2,1316164.8,2022-12-30
13,The Banshees Of Inisherin,UK/Irl/USA,50530.8,Disney,422%,11,84,601.2,10902918,2022-12-30
14,Minions: The Rise Of Gru,USA,41014.8,Universal,542%,27,197,207.6,56278513.2,2022-12-30
15,Cirkus,Ind,34852.8,DG Tech,-60%,2,75,464.4,213252,2022-12-30